hashed_clinician_id,F06.4,F10.10,F10.11,F10.20,F10.24,F10.99,F11.20,F12.10,F12.20,F12.90,F15.20,F15.21,F19.20,F20.9,F25.9,F29,F31.10,F31.30,F31.60,F31.81,F31.89,F31.9,F32.2,F32.81,F32.9,F33.0,F33.1,F33.2,F33.41,F33.42,F33.9,F34.0,F34.1,F40.01,F40.10,F40.11,F40.248,F41.0,F41.1,F41.9,F42.2,F42.3,F42.4,F42.8,F42.9,F43.0,F43.10,F43.11,F43.20,F43.21,F43.22,F43.23,F43.24,F43.25,F43.29,F45.21,F50.2,F50.9,F52.21,F60.2,F60.3,F63.81,F64.1,F64.9,F84.5,F90.0,F90.1,F90.2,F91.3,F95.2,L98.1,Z63.0,Z63.4,Z71.1,Z71.9,Z73.0
b8eee05a855b9b4fd03f53c563b50df6475af11c4550d9ff60e252c23c38f23c,,,,,,,,,,,,,,,,,,,,,,,,,,,,,,,,,,,,,,,,,,,,,,,63.61904761904762,,62.857142857142854,,,70.0,,,,,,,,,,,,,,,,,,,,,,,,
9a1685a85d2ccebce47c81d238214f918f5457ed8b8115a77d721f9191ba3eb9,,,,,,,,,,,,,,,,,,,64.41558441558442,,,63.10064935064935,,,,,65.32212518874827,,,,,,61.12956810631229,,,,,63.21154548776032,74.28571428571429,67.82467532467533,,,,,,,64.30252100840336,75.56776556776558,,,,65.36178107606679,,,,,,,,,,,,62.857142857142854,,64.41558441558442,,64.41558441558442,,,,,,,,65.0
26ac657924c86ec098e9c8b8be71720a227580ec6436f7a2c5abe99bc13639fd,,,,,,,,,,,,,,,,,,,,,,,,,,,63.4375,,,,,,,,,,,,,,,,,,,,63.56737012987013,,,,,,,,,,,,,,,,,,,,,,,,,,,,,
25451fe165dd8c80fe8120c55d29a86df21eace53898cc8e737ebaf95e7e0d31,,,,65.85034013605443,,,,,,,,,,,,,,,,,,64.78571428571428,,,63.46560846560847,,64.10884353741497,,,,61.22683147333007,,63.80952380952381,63.92857142857143,62.857142857142854,,62.28571428571429,57.6251952632905,61.25920915276657,63.99659863945578,60.0,,,,65.71428571428572,,60.23809523809524,,63.66843033509701,,62.28571428571429,63.735210378230974,,,,,,,,62.142857142857146,62.857142857142854,,,,,57.476190476190474,,,62.142857142857146,,,,,,,
21398ad03495fe3030c7483e0a6867a157da127b5da4627c16b3fbe49f18ae8c,,,,,,,,,,,,,,,,,,,,,,62.142857142857146,,,62.142857142857146,,,,,,63.22751322751323,,63.80952380952381,,,,,,,,,,,,,,,,,,,,,,,,,,,,,,,,,62.142857142857146,,,62.142857142857146,,,,,,,
0cbffb4e683f47faf2021c108b7b99977f43c2333fa15e52e69060881f25a49a,,,,,,,,,,,,,,,,,,,,,,64.85714285714286,,,,,,,,,,,,,,,,,65.76190476190476,,,,,,,,,,,,71.31972789115646,66.68318918318917,,,,,,,,,,,,,,,,,,,,85.71428571428572,,,,
ca43e7fef1af8e0926fb6854653586eff6982062a29fd40e36802a111763b966,,,,,,,,,,,,,,,,,,,,,,,,,,,61.42857142857142,,,,,,,,,,,,64.26180895607125,62.857142857142854,,,,,,,,64.17582417582418,,,65.41033434650456,62.67779839208411,,,,,,,,,,,,,,,,,,,,,,,,
e2d3e63dae24c71360984a0f50b38fb7b5c8d9753dc5b9f5a1c41ce932aede4f,,,,,,,,,,,,,,,,,,,,,,,,,,,63.04523185195454,,,,66.42857142857143,,62.73109243697479,,62.857142857142854,,,64.52192585895118,61.59727018079959,66.42857142857143,63.18315018315018,,,,,,62.59632706837676,69.91071428571429,61.94805194805195,,,63.03296703296703,,,,,,,,,,,,,,63.11688311688312,,,,,,,,,,
6d0c87df39092ef2d1fd58c99336226098434be35973bc755f0ef765f87bf564,,,,,,,,,,,,,,68.57142857142857,,,,,,,,,,,82.57142857142857,63.747680890538035,64.4126984126984,,,,,,64.12093968021992,65.14285714285714,65.14285714285714,,,64.1360544217687,66.82809442875208,,,,,,64.28571428571428,,65.14285714285714,63.93650793650794,61.714285714285715,64.57142857142857,65.14285714285714,74.27400915085644,,,,,,,,,,,,,,63.4942084942085,,,,,,,,,,
3181e646409a36b8b9b9d66071064068393fe06ef1c96ac6a4f419e90cc37b5b,,,,,,,,,,,,,,,,,,,,,,,,,,,62.49624060150376,,,,,,66.20392789884315,,,,,62.53968253968254,70.0,62.28571428571429,,,,,,,,,,,,66.55555555555556,,,,,,,,,,,,,,,,,,,,,,,,
620e36b7356f2804965cae404923d240892028a29c4846105c95d6d66aee4b65,,,,62.2108843537415,,,,,64.44444444444444,,,,69.04761904761905,66.4835164835165,,,,,,,,62.02067154750587,,,65.92857142857142,,62.942896566589944,,,,65.12377842893835,,64.41587301587302,74.28571428571429,63.17460317460317,,,62.142857142857146,64.26181496715827,65.52494331065759,63.57142857142858,,,,,,62.63937282229965,64.08163265306123,63.82768549280177,,62.857142857142854,62.22222222222222,,,62.857142857142854,,58.57142857142857,63.65986394557823,,,,63.57142857142858,,63.23809523809524,,62.34920634920635,,62.925925925925924,,,,,,,,
d83b88db83e969af08b8815e27ff155e9aaf5d21220995519e3b73c7ed795130,,,,63.32046332046332,,,,,63.32046332046332,,,,,,,,,,,,,,,,,,64.78638076852363,,,,61.083592303104496,,,,63.324753324753324,,,,63.54971696435111,63.32046332046332,,,,,,,63.32046332046332,,,66.28571428571428,,66.28571428571428,,,,,,,,,,,,,,66.28571428571428,,,,,,,,,,
c65ed3c8db7c210c7f9da05969c53b108c9a8096138150fdb342d1780bb55610,,,,,,,,,,,,,,,,,,,,,,,,,62.77056277056276,,,,,,,,,,,,,,,62.747252747252745,,,,,,,,,,57.142857142857146,,65.71428571428572,,,,,,,,,,,,,,,,,,,,,,,,
e7da98831f2882b133b88f0dde80cea642962764639288ce26a2084478e20047,,70.0,,,,,,,,70.0,,,,,,,,,,,,,,,,,70.0,,,,,,,,,,,,,70.0,,,,,,,,,,,,,,,,,,,,,,,,,,,,,,,,,,,,
77910d515f5fee046c80e3f79c6c365615258be90b4f78b39b217121ee60d7fb,,,,,,,,,,,,,,,,,,,,,,,,,,,,,,,,,,,,,,,,,,,,,,,,,,,,,,,,,,,,,,,,,,,,,,,,,,,,
1be80666524c8e2c9980eb4b50b1d2f4a815eba42416e64099132285a2e6d09c,,,,,,,,,,,,,,,,,,,,,,,65.71428571428572,,,,63.051322275650676,,,,66.28747795414462,,,,,,,63.08872019016946,62.75573192239859,63.17025440313112,,,,,,,60.329192546583855,,,63.30357142857143,,62.173579109062985,,,,,,,,,,,,,,,,,,,,,,,,
67b18774c63c5706c83f40d04ae67171a2c56cdcc096c02bd2cc40701c0e5f65,,,,,,,,,,,,,,,,,,,,,,,,,,,69.16305916305916,,,,60.0,,,,,,,,70.21567145376669,,,,,,60.0,,61.38095238095238,,,,,65.9678416821274,,,,,,,,,,,,,,,,,,,,,,,,
ed0003f9344dfd003e6a209fa2ac80c74243bbb1726b0772f5301f050f237687,,,,,,,,,,,,,,,,,,,,,,,,,,,61.349142085984184,,,,,,,,59.849624060150376,,,,64.04968364968366,,,,,,,,62.857142857142854,,,65.71428571428572,,,,,,,,,,,,,,,,,,,,,,,,,,
7c0240d4aaa273cd04a61af418f6e5df168cccdb1960bb5cf117fe3a99891f23,,,,,,,,,,,,,,,,,,,,,,,,,,,,,,,,,,,,,,,,,,,,,,,,,,,,,,,,,,,,,,,,,,,,,,,,,,,,
fd01c80ed0d2f0beed6119a60185af5042134bef65833a26ab99235d9d1bfadc,,,,,,,,,,,,,,,,,,,,,,,,,,63.26918928247832,64.40146047332459,,,,68.57142857142857,,,,62.92682926829268,,,62.7906976744186,63.2947063560466,,,,,,,,64.28571428571428,,,,,,,,,,,,,,,,,,,,,,,,,,,,,
c0bd75593e453895e4aa01e15fe585718f2495dd0f19cf220f881ec16f2f97eb,,,,,,,,,,,,,,,,,,,,,,,,,65.71428571428572,,60.879120879120876,,,,62.929475587703436,,,,,,,,62.98511614967312,,,,,,,,,,,,,,,,,,,,,,,,,,,,,,,,,,,,,
f04609f8ec8fe22d82fb9cded49ef5dcd5f7ba7b9961f61ac55f0ce0b26deaf6,,,,62.142857142857146,,,,,,,,,,,,,,,,,,63.80952380952381,,,63.12925170068027,63.52941176470588,64.05753976399768,,62.5615763546798,,61.995073891625616,,,,62.78583157400891,,,62.938252223966515,62.70117309022109,,,,62.5615763546798,,,,74.28571428571429,,,62.28571428571429,,62.950819672131146,,,,,,,,,,,,,,62.857142857142854,,61.42857142857142,,,,,,,,
0d88b5aa42e20cfd65c44c3a21d3df22024c6e68e17f6988ccb938f4e35b11ce,,,,,,,,,,,,,,,,,,,,,,,,,63.01587301587301,,63.265306122448976,,,,64.36734693877551,,,,66.34920634920636,,63.52941176470588,62.47619047619048,64.34863278644792,,,67.14285714285714,,,,,67.14285714285714,,,65.16402116402116,,69.71111111111111,,54.285714285714285,,,,63.52941176470588,,,,,,,,,,60.95238095238095,,,,,,,,
e2385c02c7fc7fe1bb0e7dd14387ed92fc817103c25f3bc91c58ceaa07e42593,,,,,,,,,,,,,,,,,,,,,,63.76623376623377,,,,,,,,,,,,,,,,62.857142857142854,,,,,,,,,,,,,,,,,,,,,,,,,,,,,,,,,,,,,,
60c0526e17b6fc7948607b711854b4308c68a01ebdaca20a5f047f60a25c9940,,,,68.57142857142857,,,,,,,,,,,,,,,,,,,,,60.95238095238095,62.04081632653061,64.93575207860923,,,,67.02553485162181,,,,64.80725623582767,,,,63.59757730252595,67.02553485162181,,,,,,,66.85714285714286,68.57142857142857,65.71428571428572,,,62.857142857142854,,,,,,,,,62.04081632653061,,,63.80952380952381,,,,63.80952380952381,,,,,,,,
61ca6c8a4a3c94f3d5f86e9f4310dc7d2d9976536fe4e07d446091c285b17b59,,,,62.857142857142854,,,,,,,,,,,,,,,,,,,,67.42857142857142,,,64.86235672618228,,,,63.33333333333333,,65.06246628280942,70.0,63.48051948051948,,,63.71816168327796,68.66618367211153,63.0952380952381,64.3956043956044,,,,,,69.52380952380952,67.0597329224448,,64.07193413260147,,63.560388323182664,,,,,,,,,,,,,,63.33333333333333,94.28571428571429,,,,,,,,,
7eaea41c2d24eddf2f8b81e9e88d86e87959cab249ff041c9e6724c1402e5e54,,,,58.57142857142857,,,,,,,,,,,,,,,,,,66.1654135338346,,,,,64.22126745435017,,,,66.78571428571428,,61.42857142857142,,,,,,64.08237856546128,62.30952380952381,,,,,,,64.79323308270676,,64.57142857142857,,,,,,,,58.57142857142857,,,,,,,,,,,62.47619047619048,,,,,,,,
887fada57ca05a88948dc89f1801d7f323d783d489bf86d9112ff02336162b7e,,,63.44322344322344,65.14285714285714,,,,,63.832752613240416,,,,,,,,,65.39682539682539,64.41558441558442,,,65.58445998445998,,,,,65.15061739269382,,62.5615763546798,,64.03272343420127,,62.857142857142854,,62.5615763546798,,,60.779220779220786,63.78293846274142,63.31065759637188,,,62.5615763546798,,,,64.84541252398395,69.52380952380952,68.21428571428572,,,62.22222222222222,,,,,,,,,64.45970695970695,,,,,64.41558441558442,,64.41558441558442,,,,62.857142857142854,,,,
c9b6e1001a8e7415bb32942b5e0428bdab9d3b2cbe651448b514a69c03e2b7f9,,,,,,,,,,,,,,,,,,,,,,,,,,,63.57142857142858,,,,,,,,,,,,61.42857142857142,,,,,,,,,,,,,,,,,,,,,,,,,,,,,,,,,,,,,
c824a91154ce67d2465110b9be47b878e61c3be35818672ded4da81d036282a7,,,,,,,,,,,,,,,,,,,,,,,,,62.857142857142854,,63.510534648642064,,,,63.272727272727266,,,,,,,,,62.735355011569844,,,,,,,63.541125541125545,,,,,60.775510204081634,,,,,,,,,,,,,,,,,,,,,,,,
c83ccb3387709843a875ede7d4c165473685c401c2e11c52621fb6048c53f904,,,,,,,,,,,,,,,,,,,,,,,,,,,,,,,,,,,,,,,,,,,,,,,,,,,,,,,,,,,,,,,,,,,,,,,,,,,,
7eb1816b1e668490a7bca879924dda04b69eea1e51d35c24cc87b376c0e885b3,,,,63.84068278805121,,,,,64.993564993565,,,62.857142857142854,,,,,,,,61.58730158730158,,64.28698007645376,54.285714285714285,,66.03866213151927,63.42857142857143,66.02483219543112,,,,64.63140164076125,,,63.42857142857143,66.07142857142857,62.857142857142854,62.857142857142854,65.86185431110243,63.93548251768672,64.48649071846675,,,,,60.0,,64.35790853635123,61.58730158730158,,,,64.14285714285714,,,,,,63.83673469387755,,,,,,,,63.7616701853155,,,,,,,,,,
3661500feac0ca01778cfae568a2be6a05e1bf4215ab7bb7f128c0d5f26746e0,,,,,,,,,,,,,,,,,,,,,,,,,,,,,,,,,,,,,,,,,,,,,,,,,,,,,,,,,,,,,,,,,,,,,,,,,,,,
fc41d2949cadde77581c258300a9781c37f7327ed8154d8b05f35028b175a58a,,,,,,,,,,,,,,,,,,62.095238095238095,,61.58730158730158,,61.58730158730158,,,,,65.23809523809524,,68.57142857142857,,62.93542074363992,,,64.76190476190476,,,,63.80952380952381,62.72673427372534,,,,,,,,62.26136116547076,61.58730158730158,,63.3634719710669,,,,,,,,,,,,,,,,,,,,,,,,,,
d4826c163162161191f33665f6182770242aac6035e7077b401c418903166b13,,,,,,,,,,,,,,,,,,,,,,,,,,,62.133333333333326,,,,,,,,,,,,62.857142857142854,59.285714285714285,,,,,,,63.542857142857144,62.857142857142854,,,,,,,,,,,,,,,,,,61.42857142857142,,,,,,,,,,
e21ff128b40923d284bb7eb0285301086e75ede44d0a5968c70656a3c9d3d63d,,,,,,,,,,,,,,,,,,,,,,,,,,,61.55844155844156,,,,,,63.14285714285714,,,,,,,,,,,,,,,,,,,,,,,,,,,,,,,,,,,,,,,,,,,
ed2245011252c8777b659dcd87c69e8f19f65f34c4d7d864ea6851e7a42446bc,,,,,,,,,68.57142857142857,,,,,,,,,,,,,,,,,,65.71428571428572,,,,100.0,,,,62.857142857142854,,62.28571428571429,,,,,,,,,,72.82738095238095,,,,62.28571428571429,68.57142857142857,,,,,,68.57142857142857,,,,,,68.57142857142857,,78.0952380952381,,,,,,,,,,
f501a76fb043ab166424cf870222f01b6647e10a5c513eda45d3148a3803c3ca,,,,,,,,,,,,,,,,,,,,,,,,,,,64.28179143510951,,,,62.5,,63.57142857142858,,,,,64.98617511520737,63.80253166225522,61.42857142857142,,,,,,,63.542857142857144,,,,,65.47540983606558,64.41558441558442,62.56410256410256,,,,,,,,,,,,,,63.57142857142858,,,,,,,,
6e2393e6d2ca1427c02a3ec1d7c1b8dad77119c03a2e9e6c1815dd39d59fd30d,,,,,,,,,63.832752613240416,,,,,,,,,,,,,,,,,,67.15541806638767,,,,64.72061928219563,,,,,,,,65.18086197336467,66.57650844907216,,,,,,,69.38775510204081,,63.33333333333333,63.047619047619044,62.28571428571429,72.85714285714286,,,,,,,,,,,,,,63.152709359605915,,,,,,65.71428571428572,,,,
0eb09053e57519eb8e9980e6e469cb1fd5dd17699cea115490fcfa908dcbc1e7,,,,64.86167800453515,,,,,,,,,,,,,,,63.07692307692307,,,63.6985014985015,,,71.9047619047619,63.41122448979592,66.97574442472401,,,,66.05714285714285,,63.265306122448976,61.83011583011583,,,,60.57142857142857,64.55747955747955,65.74829931972789,,,,,,,65.89208089208088,,65.71428571428572,,62.857142857142854,62.628571428571426,,,,,,63.31583011583012,,,,,,,,64.65518155314074,,66.47554350411494,,,,63.673469387755105,,,,65.0
ad8127758695679fb3139803d014b0a481033a717cf26f4aa7488553850b1aec,,,,,,,,,,,,,,,,,,,,,,,,,,,,,,,,,,,,,,,,62.70022883295194,,,,,,,,,,,,,,,,,,,,,,,,,,,,,,,,,,,,
9733226897633ca80fcc1b313c48eeba68f9ea84adb60437f4a112a3c5443dbc,,,65.46583850931677,65.46583850931677,,,,,,,,,,,,,,,,,,,,,82.57142857142857,,64.31884057971014,,,,62.5578231292517,,63.33333333333333,64.0,64.03312629399585,64.16149068322981,,62.238095238095234,67.4047619047619,62.857142857142854,,,,,,,64.25396825396825,64.47619047619048,,,65.14285714285714,100.0,,,,,,,,,,,,,,,,,,,,,,,,
c61990d04f13fa0f24fb661f23e4cbff6fe4e9565995fd0574e080d76e86bbaf,,,,,,,,,,,,,,,,,,,,,,,,,,63.87755102040816,62.936507936507944,,,,69.14285714285714,,,,,,,,63.25821297320242,66.78407224958949,,,,,62.857142857142854,,62.93877551020408,,,63.78151260504202,,63.632815195043534,,,,,,,,,,,,,,64.0,,,,,,,,,,
bed4274c3cc89faffe6e87606efe79a5073972f576586e115c10bf6cfbba9302,,,,,,,,,,,,,,,,,,,,,,,,,,57.142857142857146,66.12244897959184,,,,,,,,,,,,57.142857142857146,63.20620555914673,,,,,,,66.12244897959184,,,,,63.386243386243386,,,,,,,,,,,,,,,,,,,,,,,,
d6fbfeaefe6e6d694b9c8e6548237cd015506d84efa3f4a876761df07d09ed22,,,,63.865546218487395,,,,,63.896103896103895,,,,,,,,,,,,,,,,63.1578947368421,,64.85994397759103,,,,63.896103896103895,,,,,,,,58.0,62.857142857142854,,,,,,,64.76190476190476,,,,,,,,,,,,,,,,,,,,,,,,,,,,,
7185e8d77a7aac0e6d93729c19285348d3a5702cc2ee968710cd9473ab2dd528,,,,,,,,,,,,,,,,,,,,,,,,,,,66.13095238095238,,,,59.56916099773243,,,,,,,,78.0952380952381,64.95273109243698,,,,,,,60.40816326530612,,,,78.0952380952381,,,,,,,,,,,,,,,,,,,,,,,,,
80593538ab6ff2adc9db46671b497872d930d80d8f6c3d1bbe26010c8c3476ff,,,,,,,,,,,,,,,,,,,,,,,,,67.85714285714286,,64.06015037593986,,,,,,,,,,,,,,,,,,,,,,,,68.57142857142857,,,,,,,,,,,,,,,,,,,,,,,,,
b83bb124c14de7980f77509c7db8c6f1b165d3c6aae845ee150052b76e50772b,,,,,,,,,,,,,,,,,,,,,,,,,,34.28571428571429,,,,,63.21428571428571,,63.62934362934362,,,,,,63.21428571428571,,,,,,,,,,,,,,,,,,,,,,,,,,,,,,,,,,,,,
4a0a11994a9a30a4d116a7096410174dc344bd8c929ea84fe378603fb8625dcf,,,,,,,,,,,,,,,,,,,,,,,,,,62.93877551020408,62.44897959183673,,,,,,,,,,,,69.18871252204585,,,,,,,,,,,,,,,,,,,,,,,,,,,,,64.57142857142857,,,,,,,,
2a23f7afb693280bb05cca03964a1c11e184dc16c3ea36b3ef9e04a3390f59f7,,,,,,,,,,,,,,,,,,,,,,,,,,,62.857142857142854,,,,62.857142857142854,,66.66666666666667,62.857142857142854,62.857142857142854,62.857142857142854,,,62.857142857142854,,,,,,,,61.224489795918366,,,,,62.417582417582416,,,,,,,,,,,,,,,,,,,,,,,,
cf9106e6b63a13ba3f2a567012c0f47ff8d36f9547588381acc9c02590725224,,,,65.39682539682539,,,,,,,,,,,,,,,,,,,,,,65.39682539682539,65.39682539682539,,,,,,,,,,,,62.4390243902439,,,,,,,,,,,,,65.66445182724252,,,,,,,,,,,,,,,,,,,,,,,,
0514c50974dcbe509d6f28d869559d087060b2a18d923bfaeed4d00fee1d7457,,,,,,,,,,,,,,,,,,,,,,,,,,,,,,,,,64.76190476190476,,,,,,,63.83673469387755,,,,,,,,,65.17913832199547,,,,,,,,,,,,,,,,,,,,,,,,,,,
cf0000dbcd2899c8dba22c5520cbf0afabf2821a281c5b83cff443a06e34b01e,,,,,,,,,,,,,,,,,,,,,,,,,,,,,,,,,,,,,,,,,,,,,,,65.2014652014652,,,,,,,,,,,,,,,,,,,,,,,,,,,,,
83aa609dbfb9d0a60466233b4190b4c7ee434ee23847a2e28150577334b8c39b,,,,,,,,,,,,,,,,,,,,,,,,,,,,,,,,,,,,,,,63.199999999999996,,,,,,,,,,,,,,,,,,,,,,,,,,,,,,,,,,,,,
6669f6e56aebf5a530524561d0f68d6203c033e20a3c5ca53db2ef40c4251be4,,,,65.39682539682539,,,,,,,,,,,,,,,,,,,,,,,,,,,,,66.28571428571428,,,,,,68.0952380952381,,,,,,,,,,,,58.57142857142857,64.45925925925926,,,,,,,,,,,,,,,,,,,,,,,63.77142857142857,
b7107159f02a02988b048c65d739bca951842090044a1e154776014225863209,,,,,,,,,,,,,,,,,,,,,,,,,,,,,,,,,,,,,,,,63.7593984962406,,,,,,,,,,63.61969111969112,,68.62467997951869,,,,,,,,,,,,,,,,,,,,,,,,
ea58a175ef0a8ad79cf76160a8eb3d9d0ef21c26ecebc541138d7146a0ace41c,,,,,,,,,,,,,,,,,,,,,,,,,,,63.08611751152074,,,,,,,,,,,,,,,,,,,,62.94642857142857,,,,63.225806451612904,59.682539682539684,,,,,,,,,,,,,,,,,,,,,,,,
648ab51a2d7677d1c74f0751479e8067406b870a71e22a326683030dfd68fe99,,,,,,,,,,,,,,,,,,,,,,,,,,,,,,,,,,,,,,,,54.285714285714285,,,,,,51.42857142857143,,,75.17857142857143,62.55639097744361,,57.142857142857146,,,,,,,,,,,,,,,,,,,,,,,,
1830ed035ab1ec861ebd21123dc9e0f9525b5a61c5bb0c5c707b0eb2f8df4b2a,,,,,,,,,,,,,,,,,,,,,,,,,,,,,,,,,,,,,,,,,,,,,,,,,,,,,,,,,,,,,,,,,,,,,,,,,,,,
c0e97339fdb32b032373206189d1aec7f1e1ea346b3bbc004b7e582bfb1549eb,,,,,,,,,,,,,,,,,,64.12698412698413,,,,65.39682539682539,,,62.38095238095238,64.04452690166976,66.93877551020408,,,,65.71428571428572,,,,,,,62.38095238095238,64.59088605139026,65.39682539682539,,,,,,,64.84126984126985,,,64.0,78.0952380952381,57.95918367346939,,,,,,,,,,,,,,,,60.0,,,,,,,,
8bb05ed6545f271afd505b927631320c82526298af649e550988437f25fd7cf2,,,,,,,,,,,,,,,,,,,,,,,,,,,,,,,,,,,,,,,,,,,,,,,,,,,,,,,,,,,,,,,,,,,,,,,,,,,,
5a64e1172cee5572d160578f62baec2589eb12fcd527e87a38bfd675b45b33a4,,,,,,,,,,,,,,,,,,,,,,85.71428571428572,,,,63.542857142857144,65.6634024577573,,,,64.73948412698414,,66.30295566502463,,,,,69.97493734335839,63.63737976079173,68.57142857142857,,,,,,,69.43184246878829,62.44897959183673,68.21428571428572,,,67.11587301587302,,,,,,63.542857142857144,,,85.71428571428572,,,,,,,63.24480934136106,,,,,,,,
85126f75dd9670557bcd6c3bbc68464f5435f38ad5f25827a83cdccb2149e88e,,,,,,,,,,,,,,,,,,,,,,69.71428571428572,,,64.28571428571428,,,,,,,,,,,,,64.28571428571428,,64.28571428571428,,,,,,,62.857142857142854,,,,65.53216374269006,65.0952380952381,,62.857142857142854,,,,,,,,,,,,,,,,,,,,,,
434b247d9d9ad992914d6511fc13ba2724b45df1f5c7a6b739f30deafb5e11bd,,,,,,,,,,,,,,,,,,,63.07692307692307,,,63.05106658047834,,,,,63.54739010989011,,,,63.42857142857143,,,,,,,,,,,,,,,,63.54739010989011,,,,,,,,,,,,,,,,,,,,,,,,,,,,,
124ef9e23f69d133caa6eae6a4168051f1bf0b532077f557a5b26273f1f2a071,,,,,,,,,,,,,,,,,,,,,,,,,,,62.43386243386243,,,,,,,,,,,,,,,,,,,,65.14285714285714,,,,,,,,,,,,,,,,,,,,,,,,,,,,,
312ce6e136a2bc5c3e8488da620036fda805000d90b9cc2a6e2c988b28a05612,,,,,,,,,80.0,,,,,,,,,,,,,,,,,66.28571428571428,71.42857142857143,,,,,,,,,,,,63.73626373626374,80.0,,,,,,,,,,,65.97402597402598,,,,,,,,,,,,,,,,,,,,,,,,,
1bfec691e82f64142d05f168ccd89e6c9711d560d7250015ffc8dece1ce2b74a,,,,68.0952380952381,,63.33333333333333,,,,,,,64.48979591836735,,,,,,,,,65.09740259740259,,,62.33766233766234,65.25510204081633,64.68766527590057,,61.9047619047619,,68.68578055770173,,62.77030812324929,,,,,,67.40858548547624,65.71428571428572,69.02597402597402,,,,62.33766233766234,,64.72108843537416,,62.857142857142854,68.57142857142857,65.19047619047619,62.55639097744361,,,,,,,,,,,,,,,,,,,,64.51770451770452,,,62.761904761904766,
bf493c123e9006233ba7cdd8331d249eeb0b7af9695eb65a6aa5a083466a4c86,,,,,,,,,63.673469387755105,,,,,,,,,,,,,61.9047619047619,,,,71.42857142857143,,,,,69.52380952380952,,,,,,,,66.40967498110356,66.66666666666667,,,,,,,,,,65.17006802721089,,64.58095238095238,,61.9047619047619,,,,,,,,,,,,,,,,,,68.57142857142857,,,,
0219b92499973156785d097129bc5260dd768bab68808c5b5c82aeac5fdb23cb,,,,,,,,,,,,,,,,,,,,,,,,,,,,,,,,,,,,,,,,,,,,,,,,,,,,,,,,,,,,,,,,,,,,,,,,,,,,
f3c99d4324b0b4622eff630a454253ca9c07e2badd1570283d56edfea559b4d0,,,,,,,,,,,,,,,,,,,,,,,,,,,,,,,,,,,,,,,,,,,,,,,,,,,,,,,,,,,,,,,,,,,,,,,,,,,,
43d2d5a47ed27b1b7cefa6cab762db01b2f49d0639cb14527f8b426f344d0a44,,,,,,,,,,,,,,,,,,,,,,,,,,,,,,,,,,,,,,,,,,,,,,,,,,,,,,,,,,,,,,,,,,,,,,,,,,,,
0a92d1ca74897589277e0207736b3dd7049ce14afe7893950d9412dbf1e93d60,,,,,,,,,,,,,,,,,,,,,,,,,,,72.85714285714286,,,,,,,,,,,68.63636363636364,68.63636363636364,,72.85714285714286,,,,,,72.85714285714286,,,64.41558441558442,62.857142857142854,,,,,,,,,,,,,,,,,,,,,,,,,
f8d35e86529d6ff9d1a5a6222db02becb02c582c18e32647ac18035234b7bf9d,,,,,,,,,,,,,,,,,,,,,,,,,,97.14285714285714,97.14285714285714,,,,,,,,,,,,,,,,,,,,,,,,,,,,,,,,,,,,,,,,,,,,,,,,,
a250c9861a12e5b22f37f78f668391ba5ff2aabacf92e2b87b6d9083c96bf578,,,,,,,,,,,,,,,,,,,,,,,,,,,65.71428571428572,,,,63.956043956043956,,,,,,,,63.956043956043956,,,,,,,,,65.71428571428572,,,,,,,,,,,,,,,,,,,,,,,,,,,,
2c548995d27970908900281f46841798d0e386d0bc901c0fc4773f672ac010ba,,,,,,,,,,,,,,,,,,,,,,,,,,62.936507936507944,66.0,,,,,,,,,,,63.28042328042328,64.74863397035344,,61.714285714285715,,,,,,,67.26817042606515,,65.10881275587158,70.0,64.85240249946132,,,,,,,,,,,,,,,,,,,,,,,,
fb5d9183f4c5646c3070e28e90e11dc02e8b727a106cb9b27b52e12ee0882e8a,,,,,,,,,,,,,,,,,,,,,,,,,,,62.077922077922075,,,,,,,,,,,62.077922077922075,,,,,,,,,,,,,,,,,,,,,,,,,,,,,,,,,,,,,,
c4bf53ff21e147d4ac84fb336e5faa911a6edd34c5afddec1e79b7e25ab225bf,,,,,,,,,,,,,,,,,,,,,,,,,,70.71428571428571,60.962732919254655,,,,65.71428571428572,,66.42857142857143,,,,,,62.637966730920255,81.42857142857143,63.33333333333333,,,,,62.857142857142854,65.3015873015873,,,,63.33333333333333,63.93822393822394,,,,,,63.33333333333333,,,,,,,,,,62.857142857142854,,,,,,,,
3921af049cc3675c4dc76317530ca089698720d9ba05a3f04ca8631521575299,,,,,,,,,,,,,,,,,,,,,,,,,,63.73626373626374,65.45054945054946,,,,,,,,,,,67.61904761904762,,61.35338345864662,,,,,,,62.44897959183673,,,,,65.23809523809524,,,,,,,,,,,,,,,,,,,,,,,,
bea546c12a3ea8a645cafb8341ee3fe2caacf0692746adc0e0083d7132c8c181,,,,64.53514739229024,,,,,,,,,,,,,,,93.33333333333333,,,,,,,64.65608465608466,64.3302701197438,,,,,,,,,,,,64.00859291084855,,,,,,,,64.41558441558442,,,,,70.0,,,,,,,,,,,,,,,,,,,,,,,,
b246d5feeb95f1e9fae1928e38ae70f16b7e5947d96214223bfa84ab1aae2173,,,,,,,,,,,,,,,,,,,,62.857142857142854,,,,,,62.857142857142854,63.389308947622766,,,,62.98701298701299,,63.61904761904762,71.42857142857143,65.71428571428572,,,62.5974025974026,64.28778314492601,62.72727272727273,,,,,,,63.252883468340144,,,,64.0,64.82625482625483,,,,,,,,,,63.57142857142858,,,,62.44897959183673,,,,,,62.857142857142854,,,,
3f859a362c5a83fee44d0ca231399718ad12dd21fa97b076598dc09d3c2b0116,,,,,,,,,62.857142857142854,,,,,,,,,,,,,,,,,63.02521008403361,69.28571428571428,,,,,,,,,,,,,,,,,,,,,,,63.33333333333333,,64.21635320794985,,,,,,,,,,,,,,,62.857142857142854,,,,,66.24409763905562,,,,
a18c30d26b07333731649b5ed3af9ef71f6f97212cba31db440f33ea26ba2cf9,,,,,,,,,,,,,,,,,,,,,,,,,68.57142857142857,,,,,,68.70779220779221,,65.25714285714287,,,,,,65.04404034341009,63.12121212121212,,,,,,,65.00140056022408,,62.857142857142854,63.92797118847539,80.0,72.38095238095238,,,,,,,,,,,63.52941176470588,63.52941176470588,,64.3265306122449,,64.08163265306123,,,,,,,,
4b6df1ea463c2c7aaa8f31ac6143c56d6286c8382e79f2e92379856b86c84830,,,,,,,,,,,,,,,,,,,,,,,,,,,,,,,,,,,,,,,,,,,,,,,,,,,,74.28571428571429,,,,,,,,,,,,,,,,,,,,,,,,
367a290f062fb1c5d379219e6034a38bb73177beab11db494403acf44343e91c,,,,,,,,,,,,,,,,,,,,63.08571428571428,,,,,62.976190476190474,,58.78397212543554,,,,64.12698412698413,,62.857142857142854,,,,,,65.91836734693877,,,,,,,,70.28455284552845,,62.857142857142854,,63.7037037037037,,,,,,,,,,,,,,,62.857142857142854,,,,,,,,,,
89b45a37e1bb1ee9d840ba86db234858766117b5088a7e0abba8a1f74af601f6,,,,,,,,,,,,,,,,,,,,,,,,,,61.9047619047619,61.66666666666667,,,,,,65.3061224489796,,,,,66.28571428571428,61.9047619047619,,66.28571428571428,,,,,61.9047619047619,,,,,,,,,,61.42857142857142,,,,,,,,,,61.9047619047619,,,,,,61.42857142857142,,,,
106a6088788f5291d81eed34d36b596b6405438d67b469754127a9adecd73352,,,,,,,,,,,,,,,,,,,,,,,,,,,77.14285714285714,,,,,,,,,,,,62.857142857142854,,,,,,,,,,,,,,,,,,,62.857142857142854,,,,,,,,,,,,,,,,,,
f6bce1dd8645e9868747925e48cda6cdb211a30d2b1e8e375cc2bfbe767f3947,,,,,,,,,,,,,,,,,,,63.80952380952381,,,,,,,65.1082251082251,,,,,,,,,,,,,67.3922902494331,68.57142857142857,,,,,,,,64.08163265306123,63.01587301587301,,76.84981684981685,64.86818207426016,,,,,,64.08163265306123,,,,,,,,67.61904761904762,,,,,,,,,,
081f1cdbff550402a08989106d75e5c193b5e3582e91aad78ed18895cfe1f1f3,,,,,,,,,,,,,,,,,,,,,,,,,,77.14285714285714,68.9310009718173,,,,,,,,,,,,64.57142857142857,,,,,,,,,77.14285714285714,72.85714285714286,,59.047619047619044,65.14285714285714,,,,,,,,,71.42857142857143,,,,,,,,,,,,,,,
f9604cabdc50dfd4605940ae417a87563b83d29c32b1c955b6665b5212505c6f,,,,,,,,,,,,,,,,,,,,,,,,,,,64.96455157745481,,,,,,,,65.71428571428572,,,,64.49450549450549,,,,,,,,63.59447004608295,,,,,,,,,,,,,,,,,,,,,,,,,,,,,
8a8ab880a517354156c4fbeb8e38a55671e3375cea3dce068ed8e40f0dd3a95f,,,,,,,,,,,,,,,,,,,,,,,,,,,,,,,,,,,,,,,,,,,,,,,,,,,,,,,,,,,,,,,,,,,,,,,,,,,,
dfd3b742eb13b0a1b39105c07dd604e2ec38776951fc92985920780068e14c2f,,,,,,,,,,,,,,,,,,,,,,,,,,,,,,,,,,,,,,,,63.7291280148423,,,,,,,,,,63.33333333333333,,70.71428571428571,,,,,,,,,,,,,,,,,,,,,,,,
82983af5151717e08fb5552023b51828a63e476fc0937d44583cbc73fbbd7491,,,,,,,,,,,,,,64.3956043956044,,,,,,61.42857142857142,,64.52380952380952,,,63.49206349206349,66.59183673469389,63.91979400750518,,,,,,,,,,,64.52380952380952,61.701273532668885,,,,,,,,73.33333333333333,,,,67.85714285714286,61.42857142857142,,,,,,,,,63.28231292517007,,,,,,,,,,,,,,,
c9e27ccac4b54ae9ac66203cc1e45418e99a82d701ea3bc2a57dfec070d5f23f,,,,,,,,,69.04761904761905,,,,69.04761904761905,,,,,,,,,,,,,62.7906976744186,61.87151783790439,,,,,,,,,,,,64.79565976659,61.10189583079609,,,,,,,64.28571428571428,64.30672268907563,64.52380952380952,,,62.85405071119357,,,,,,,,,,,,62.18487394957983,,,,45.714285714285715,,,,62.18487394957983,,,,
bedc9d4fb5cc58829713ada646c91f97d13ee760231b49a94cfa0a9df907abef,,,,,,,,,,,,,,,,,,,,,,,,,,63.10030395136778,63.29670329670329,,,,,,,,,,,63.29670329670329,65.93406593406593,68.57142857142857,68.57142857142857,,,,,,,,,,,,,,,,,,,,,,,,,,,,,,,,,,,
c13011fb7c1049e99bd3eed3f518e68d1c59aa9a1c5addcc49fecfd44021d351,,,,,,,,,,,,,,,,,,,,,,,,,,,66.66666666666667,,,,,,,,,,,,66.09977324263039,,,,,,,,62.44897959183673,,,,,,,,,,,,,,,,,,,,,,,,,,,,,
630b2cd9152325aee1a2472ee9ea8f74c374ebd4c7ceda5e3acf13d8d31bfa0b,,,,,,,,,,,,,,,,,,,,,,,,,,,,,,,,,,,,,,,,,,,,,,,,,63.265306122448976,63.1055900621118,67.77472527472528,,,,63.77142857142857,,,,,,,,,,,,,,,,,,,,,
001c6c1e170ae12d55eca4d1358a78ca9acb2fdb14a072c6f8631174cac64fc1,,,,,,,,,,,,,,,,,,,,,,,,,,62.857142857142854,70.71428571428571,,,,,,,,,,,70.0,74.28571428571429,,,,,,,,,,66.85714285714286,,,,,,,,,,,,,,,,,,,,,,,,,,,
a1a7f0c4322d67cea2935bc491122f6f1ba1e2ff54f9d5dab6ce2f155a494f3a,,,,,,,,,,,,,,,,,,,,,,,,,,,,,,,,,65.71428571428572,,,,,,65.71428571428572,,,,,,,,,,,,,74.15873015873015,,,,,,,,,,,,,,,,,,,,,,,,
c56d9317f174f5eb13d683136e03a19b572be004bf2c014e81eefa73399dc719,,,,63.94736842105263,,,,,,,,,,,,,67.14285714285714,,,64.41558441558442,,66.66666666666667,68.57142857142857,,,64.23809523809524,65.81351991088835,,,,,,69.52380952380952,60.57142857142857,,,,60.57142857142857,63.14285714285714,60.95238095238095,63.57142857142858,,,,65.71428571428572,,64.56349206349206,,,,64.76190476190476,60.12490409697714,,,,,,,,,,,,,,62.07142857142857,,,,,,,,,,
c9251f8ba7b2b6bdf20628bdae4144075cffcdc244e15d53fea12d66011faffc,64.61538461538461,,,,,,,,,,,,,,,,,,,,,,,,,,,,,,65.3061224489796,,,,,,,,62.55974184545613,,,,,,,,,,,,,,,,,,,,,,,,,,,,,,,,,,,,,
1da080c60c64f288d921c180766daac59b59b7ade6ef444dd056078c79a8bfe1,,,,,,,,,,,,,,,,,,,,,,,,,,,,,,,,,,,,,,,80.0,65.09316770186335,,,,,,,,,,,,,,,,,,65.09316770186335,,,,,,,,,,,,,,,,,,
2f36f5793326cf5713b75ffc8a3dfcfbf7bd97395854c058ff43f8d6885eb4f4,,,,,,,,,,,,,,,,,,66.53061224489795,,,,65.29047619047618,,,62.33766233766234,,63.556188485699764,,,,64.93333333333334,,,,,66.49350649350649,,65.45068027210884,64.31983687308363,66.15384615384616,62.83549783549783,,,,62.33766233766234,,63.33333333333333,67.53246753246754,,62.28571428571429,62.80952380952381,63.97697540554684,,,,,,63.24561403508772,,,64.52380952380952,,,,,45.714285714285715,,,,,,,,,,
4a63cef34a082637904cdc7e4ddd017f6f2c721a77bab5da88399cbe699e6f63,,,,,,,,,,,,,,,,,,,,71.0204081632653,,,,,,,64.37267080745342,,,,60.57142857142857,,,,,,,82.85714285714286,71.0204081632653,60.57142857142857,,,,,,,,,,62.52100840336134,,,,,,,,,,,,,,,,,,71.0204081632653,,,,,,,,
293ae1b51ac27ee856f8aaa44b9eaddc921105468da3c351b36e8133542f09a7,,,,,,,,,,,,,,,,,,,,,,,,,,,66.64285714285714,,,,,,65.00952380952381,,65.14285714285714,,,65.14285714285714,65.79761904761905,65.58095238095237,,,,,,,65.80952380952381,,,,,85.71428571428572,,,,,,,,,,,,,,,,,,,,71.42857142857143,,,,
e0f3543724e43c6fea401583fa1e083ca8ad1b4c0b634afdf27bc3c102bff825,,,,,,,,,,,,,,,,,,,,,,,,,66.07142857142857,65.77922077922078,,,61.97802197802197,,,,85.71428571428572,,67.32142857142857,,,69.67032967032966,63.083900226757365,66.07142857142857,,,,,60.714285714285715,,66.07142857142857,,,61.224489795918366,,58.25974025974026,,,,,,,,,,,,,,,,,,,,,,,,
f60b2de31c3cf7614403ad09e55bd790fa934bf41bdcfb7762792dfc4b88f6cf,,,,,,,,,85.71428571428572,,,,,,,,,,,,,,,,73.96825396825398,,,,,,17.14285714285714,,67.89720332577475,,85.71428571428572,,,,70.25850340136054,51.42857142857143,,,,,,,46.857142857142854,,,,,,,,,,,62.698412698412696,,,,,,,,,,,,,,,,,,
67d65c740c87454929ddfcf88bae390cf4ba492a8f8c206da903070358f6f73c,,,,,,,,,,,,,,,,,,,,,,,,,,,64.83333333333333,,,,57.142857142857146,,,,,,,,71.42857142857143,,,,,,,,,62.5,63.49206349206349,,65.14285714285714,,,,,,,,,,,,,,,,,57.142857142857146,,,,64.44444444444444,,,79.14285714285714,
0d8f7f7f3f4b0ceed8132d6c217ed81ab2012bbb5c11ded415a1bba21e201fc5,,,,,,,,,,,,,,,,,,68.0952380952381,,,,,,,,62.18487394957983,,,,,,,,,,,,,63.26174914410208,,,,,,,,,,,,,,,,,,,,,,,,,,,,,,,,,,,,,
5c1b09e9fd8cd47ccb33bfc92552649042964c46651b2e7e969e2211d61eb8da,,,,,,,,,,,,,,,,,,,,,,,,,,64.24963924963924,65.28707482993198,,,,62.857142857142854,,,,,,,67.65873015873015,64.85185589387271,,,,,67.66439909297051,67.14285714285714,,64.57936507936509,,,64.20408163265306,,,,,,,,,,66.57142857142858,,,,,,68.57142857142857,,,,,,61.0204081632653,,,62.04081632653061,
1d8f1a63a4d92bf21b540c9fdfa2a6ba7853a19a65effcd6344976246d1f7196,,,,,,,,,,,,,,,,,,,,,,,,,,,67.14285714285714,,,,64.57142857142857,,,,,,,,64.66666666666666,,,,,,,,,,,,,,,,,,,,,,,,,,,,,,,,,,,,,
7e70602d35b7199a1f7d352d508638ae67bbe0c07c274a98733f3496361d9a12,,,,,,,,,,,,,,,,,,,,,,,,,,,64.93506493506493,,,,,,,,,,,,,67.88457318411236,,,,,,,,,,,,,,,,,,,,,,,,,,64.93506493506493,,,,,,,,,,
078849d0319727c56860d0f5fe4944406b3a1b9ecf35762419b3522082053c69,,,,,,,,,,,,,,,,,,,,,,,,,,,,,,,,,,,,,,,69.2063492063492,,,,,,,,,,,,,64.06015037593986,,,,,,,,,,,,,,,,,,,,,,,,
4528acd44dd88798c0340a5b508e85dc8b37edbc47ba523a541cfcec2b8df1d8,,,,,,,,,,,,,,,,,,,,,,,,,,,,,,,,,,,,,,,,,,,,,,,,,,,,,,,,,,,,,,,,,,,,,,,,,,,,
d4954be3753edc2d83d1c6f8958d6c720ca572d7ade0f66e3d7cedb54ac4b5da,,,,,,,,,,,,,,,,,,,65.71428571428572,,,,,,,,,,,,67.46031746031747,,,,59.849624060150376,,,,64.70566893424036,,,,,,,,67.46031746031747,,,64.48979591836735,57.55102040816326,65.6952380952381,,,,,,,,,,,,,,,,,,,,,,,,
2f968205f17daeade62ba0c3856970c57121fbda58bd8f96e39fdf776cc5d600,,,,,,,,,,,,,,,,,,,,,,,,,,,,,,,,,,,,,,,,,,,,,,,,,62.36024844720497,,62.36024844720497,,,,,,,,,,,,,,,,,,,,,,,,,
6725788d682403f0dd3c8b2d5e865a82e1a96c86888fef5fbb5464f191094db1,,,,,,,,,66.66666666666667,,,,,,,,64.48979591836735,62.55639097744361,,,,57.142857142857146,,,66.66666666666667,65.71428571428572,65.14148109386204,,,,67.98534798534799,,,74.28571428571429,,,,63.29670329670329,63.12247652097277,63.87580673294959,,65.45454545454545,,,,,63.945578231292515,,,82.85714285714286,65.45454545454545,67.24460724460724,,,,,,64.04761904761905,,,,,,,63.91534391534391,61.42857142857142,,70.0,,,,,,,63.73626373626374,
19d6990e7d5fe7279d192c13ebb05cc318aad118013d171873075121cda3ddc8,,,,,,,,,,,,,,,,,,,,63.77142857142857,,,,,,,,,,,68.57142857142857,,,,,,,,64.87272727272727,68.57142857142857,,,,,,,68.57142857142857,,,,,,,,,,,,,,,,,,,,,,,,,,,,,
ebef5ab462afc18ae74928fbad7f90d84ee87d4bc961125bf6067f63a95161e4,,,,,,,,,,,,,,,,,,,,,,,,,,,78.57142857142857,,,,,,,,,,,,63.42857142857143,,,,,,,,,,,65.71428571428572,,,,,,,,,,,,,,,,,,,,,,,,,,
39bd003b8fa5409d71d7080fd0f3b3100934ef15192cf54cc7090084d13fa809,,,,,,,,,,,,,,,,,,,,,,,,,,,,,,,,,,,,,,,,68.57142857142857,,,,,,,68.57142857142857,,63.54421768707483,,,62.142857142857146,,,,,,,,,,,,,,,,,,,,,,,,
d2248f4c32c06ff075cbb8c073ac1883f5838e0799c30384a27c6f9a4c087ca0,,,,,,,,,,,,,,,,,,,,,,,,,,,,,,,,,,,,,,,64.76190476190476,77.55102040816327,,,,,,,,,65.39682539682539,,,64.48979591836735,,,,,,,,,,,,,,,,,,,,,,,,
363421287d6d85725bf87b39acd48fa6697d645e136facfb48adc3d289ffdaf4,,,,,,,,,,,,,,,,,,,,,,,,,,,,,,,,,,,,,,,,,,,,,,,,,,,,,,,,,,,,,,,,,,,,,,,,,,,,
117ee1028dffc058c21757efedcda3fe1485ec1194f154507cbfd68a997d16a8,,,,,,,,,,,,,,,,,,,,,,,,,,,61.42857142857142,,,,,,,,,,,,65.44126984126984,,,,,,,,,,,,,,,,,,,,,,,,,,,,,,,,,,,,,
2396c5476f82cd72e36d041f351ebe32c86cd2cbe1c91f81c17aba878333dbdc,,,,,,,,,,,,,,,,67.61904761904762,,,,,,,,,,,66.53817082388511,,,,,,,,,,,,64.12698412698413,65.39682539682539,67.14285714285714,,,67.14285714285714,,,,,,,,,,,,,,,,,67.61904761904762,,,,,66.83673469387755,,,,,,,,,,
317059fb57db7e2ea251888bcae8e54297924679d3e24457a89103e9d996724f,,,,,,,,,,,,,,,,,,,,,,,,,,,97.14285714285714,,,,,,,,,,,,97.14285714285714,,,,,,,,,,,,,,,,,,,,,,,,,,,,,,,,,,,,,
605077de98720d0d2a3442b56f5272c5310bdd84964858d7094788cee9732a86,,,,63.92857142857143,,,,,,,,62.857142857142854,,,,,,,,,,66.05714285714285,,,66.42857142857143,66.42857142857143,71.89682539682539,,62.857142857142854,,65.43238095238095,62.857142857142854,63.23412698412699,,62.608695652173914,,,60.714285714285715,64.8419898695409,65.35714285714286,,,,,,,67.14285714285714,,68.57142857142857,,,68.82326007326007,,,,,,,,,,,,,,,,68.57142857142857,,,,,,,,
3bf14ecc6a339cdf4893ff830551fdd549f4db688c522e44c76afe09eac25bd1,,,,,,,,,,,,,,,,,,,,,,,,,,,,,,,,,,,,,,,,,,,,,,,,,,,,,,,,,,,,,,,,,,,,,,,,,,,,
a34be7e9394946727636e1a5985251e3ec5c68ab36de545f1649c83efd93dc58,,,,,,,,,,,,,,,,,,,,,,,,,,,,,,,,,,,,,,,,,,,,,,,,,,,,,,,,,,,,,,,,,,,,,,,,,,,,
3e549748ed8964fc4d14a17ba1f85254fcb14fb7d2656b728c76a2dacfea02ce,,,,,,,,,,,,,,,,,,,,,,,,,,,,,,,,,,,,,,,,,,,,,,,,,74.28571428571429,,,,,,,,,,,,,,,,,,,,,,,,,,,
547392a9389b3541fec215920b998a0f3e7c8a3b2800c617933bfdbc2c5839b5,,,,,,,,,,,,,,,,,,,,,,,,,,,,,,,,,,,,,,,,,,,,,,,,,,,,64.76190476190476,,,,,,,,,,,,,,,,,,,,,,,,
54e1847a18ae75a3504e0ad705446921e38bb6599d9a0cb6c22cac0b6cc09628,,,,,,,,,,,,,,,,,72.85714285714286,,,,,,,,,72.10884353741497,65.58338891112001,,,,63.38418542019982,,63.673469387755105,,,,,63.265306122448976,67.43247521230714,63.22381711855396,,,,,,,65.41496598639455,,64.0,,65.53846153846155,64.0952380952381,,,,,,,,,,,,,,,,,,,,68.02721088435375,,,,
0f825423c836c839afc0237cf635bceec0244188ed2b7c5062b53a3c129761e2,,,,,,,,,,,,,,,,,,,,,,,,,,,,,,,,64.3609022556391,,,,,,,,,,,,,,,64.57142857142857,,,64.15584415584416,,,,62.857142857142854,,,,,,,,,,,,,,,,,,,,,,
431bb4ad473def0f28e79ac45abc26366ad366402f985525d3e7c383000a3d17,,,,,,,,,,,,,,,,,,,,,,,,,,,,,,,,,,,,,,,,,,,,,,,,,,,,67.75510204081633,,,,,,,,,,,,,,,,,,,,,,,,
b3ef40f1ebd7dccc2c958b57674c848fce8a8482baf0056c1df292af64580972,,,,,,,,,57.142857142857146,,,,,,,,,57.142857142857146,,,,,,,,,63.21428571428571,,,,,,,,,,,,57.142857142857146,,,,,,,,,66.05714285714285,,,66.05714285714285,,,,,,,57.142857142857146,,,63.21428571428571,,,,,,,,,,,,,,,
2745f2c9eedd7ee6789708438d9d9d06d8b4278adea2f2f87ac4646fdb3d60c3,,,,,,,,,,,,,,,,,,,,,,,61.142857142857146,,,74.28571428571429,62.77056277056276,,,,,,,,,,,,63.68614718614719,74.28571428571429,,,,,,,,,,,,77.28571428571428,,,,,,,,,,,,,,,,,,,,,,,,
3f6195dd6910bd624a855636e782ac15124fb51c72d51b811f5d303e5894695f,,,,,,,,,,,,,,,,,,,,,,,,,,,,,,,,,,,,,,,64.42857142857143,,,,,,,,59.047619047619044,,63.79591836734694,,,,,,,,,,,,,,,,,,,,,,,,,,,
2ae7e005cd5f2ca0871bdc6b55fd8f3a26779abb91b0c813ef967e23886fef4b,,,,,,,,,,,,,,,,,,,,,,,,,,,,,,,,,,,,,,,,,,,,,,,,,,,,,,,,,,,,,,,,,,,,,,,,,,,,
533ac16e36f5b3037281a46ba253fcacba662c3d22a0be330817c192319cb44d,,,,,,,,,,,,,,,,,,,,,,,,,,,,,,,,,,,,,,,70.0,,,,,,,,,,61.42857142857142,57.142857142857146,,77.14285714285714,,,,,,,,,,,,,,,,,,,,,,,,
d1a602c0c8acdc7a64252f3c879be9b6cccc1debc8d202d77b49844a05194fc1,,,,,,,,,,,,,,,,,,,,,,,,,,,,,,,,,,,,,,,,,,,,,,,,,,,,,,,,,,,,,,,,,,,,,,,,,,,,
f640f31c66d0a9a1c0d068d1321d2fbb8f7a1d64a95bded086cfe0dc373cc77e,,,,,,,,,,,,,67.14285714285714,,,,,,,,,,,,,65.92857142857142,66.32898629537286,,,,,,,,,,64.08163265306123,,65.66403329008372,65.99162742019885,,,,,,,67.25274725274726,,,,,,,,,,,,,,,,,,,,,,,,,65.71428571428572,,,,
8a067cd061195088d30eaa91fc85ca23bf5acbb06bd5bfbb2705bf394d3bff98,,,,,,,,,,,,,,,,,,,,,,,,,,,,,,,,,,,,,,,67.42857142857142,,,,,,,,,,66.74603174603175,68.57142857142857,,,,,,,,,,,,,,,,,,,,,,,,,,
eec11e2033d227346ca29808e791c1a28b1de6e71a5d27068a4135818fc1c52f,,,,,,,,,,,,,,,,,,,,,,,,,,,,,,,,,,,,,,,,,,,,,,,,,,,,,,,,,,,,,,,,,,,,,,,,,,,,
7e851a769c01f7900f7f501e07f5db788dd090cd43ae102aff45d7db7d4c84f3,,,,,,,,,,,,,,,,,,,,,,,,,,,,,,,65.0,,,,,,,,65.0,,,,,,,,,,,57.142857142857146,,,,,,,,,,,,,,,,,,,,,,,,,,
8db5f9a467c6dcb3019e25f83cf05fdf09de1b7883b291082c3a3fe52664cf63,,,,,,,,,,,,,,,,,,,,,,,,,,,,,,,,,,,,,,,,,,,,,,,,,,,,,,,,,,,,,,,,,,,,,,,,,,,,
32ed9dde27dc22ba5c82cb3705c88f89b4055e31a475390aa75b5eeeb9d5009e,,,,70.0,,,,,,,,,,,,,,,,,,64.28571428571428,,,65.0,,70.0,,,,,,59.523809523809526,,,,,,,61.19047619047619,,,,,,,,,65.71428571428572,61.81818181818181,,,,,,,,,,,,,,,,,,,,,,,,,,
3642d90d7204bbbdd94961c345b3da82276cb6390dabd227fa24d8775a3a44e2,,,,,,,,,,,,,,,,,,,,,,,,,,,,,,,,,,,,,,,62.70676691729323,,,,,,,,,,,60.95238095238095,,63.42857142857143,,,,,,,,,,,,,,,,,,,,,,,,
d31c7aa19571c92b8bee873326334199ba62c49f71fecc5c62440397133ac7c6,,,,,,,,,,,,,,,,,,,,,,,,,,,63.687790905836025,,82.85714285714286,,,,,,,,62.857142857142854,64.21768707482994,64.84456932531467,65.4008954008954,,,,,,63.80952380952381,73.33333333333333,58.0,64.51515151515152,73.33333333333333,65.40100250626566,64.48705472865137,,,,,,65.71428571428572,,,,,,,,62.857142857142854,,,,,,,,,,
ddd35eee8cc98532597c3dcb5add0190e1bab9172a1f9a9b729cef1ab90f063d,,,,,,,,,,,,,,,,,,,,,,,,,,,61.42857142857142,,,,,,,,,,,,63.045112781954884,,,,,,,,,,,,,,,,,,,,,,,,,,,,,,,,,,,,,
35d374f0562d591d0dc9df476f9750fc5dcd8d9ab5171768ac9937fe4f6eb31f,,,,,,,,,,,,,,,,,,,,,,,,,,,,,,,,,,,,,,,,,,,,,,,,,,,,,,,,,,,,,,,,,,,,,,,,,,,,
910aea4c8ef9570374077c3e5a70df2000187114471a6c8ac4022e05ff81e279,,,,,,,,,,,,,,,,,,,,,,,61.42857142857142,,,,68.57142857142857,,,,,,,,,,,,65.0,,,,,,,,,,,,,67.14285714285714,,,,,,,,,,,,67.14285714285714,,,,,,,,,,,,
53176c450e6759bea577d4b41a44bd1396f0244c8a6fca3a5891cf451c0c61fb,,,,,,,,,,,,,,,,,,,,,,,,,,,66.66666666666667,,,,,,,,,,,,,,,,,,,,63.57142857142858,66.66666666666667,62.857142857142854,,,,,,,,,,,,,,,,,,,,,,,,,,,
6126ee8b174169b3329bbf24b3b07918a741f6e24bdf29f5bc2423993959dfb7,,,,,,,,,,,,,,,,,,,,,,,,,,,63.60544217687075,,,,,,,,,,,,63.60544217687075,,,,,,,69.28571428571428,,,,,,,,,,,,,,,,,,,,,,,,,,,,,,
73d00b1890702d3f227645203552684eb94a5c435c8db5e163395e2ba944df32,,,,,,,,,,,,,,,,,,,,,,,,,65.05494505494505,,66.85714285714286,,,,,,,,65.14285714285714,,,65.14285714285714,66.0,66.85714285714286,,,,,,,66.85714285714286,,,,,,,,,,,,,,,,,,,,,,,,,,,,,
6a25de5947b69c7266a562cc6172e01d40e6385cecab28cd06f2972798a67854,,,,,,,,,,,,,,,,,,66.28571428571428,,,,,,,,,67.36914936914937,,,,,,,,,,,,66.94057794057794,,,,,,,,,,,,,,,,,,,,,,66.28571428571428,,,,,,,,,,,,,,,
54975142a0073902f31336529e8336bb87bec69d94881589e25da9521374e15e,,,,,,,,,,,,,,,,,,,,,,,,,,,,,,,,,,,,,,,,,,,,,,,,,,,,,,,,,,,,,,,,,,,,,,,,,,,,
74dbf1c3ce95ea11e592eb69d20235524fcf3a6d1263852c6bc5f5529a3d3856,,,,,,,,,,,,,,,,,,,,,,,,,,,,,,,,,,,,,,,,,,,,,62.857142857142854,,,,,63.1055900621118,,,,,,,,,,,,,,,,,,,,,,,,,,
bfdcbc8a107dd0bed674198f516f792ed087bb20f086f1ea1e3d546ed6878747,,,,,,,,,,,,,,,,,,,,,,,,,,,,,,,,,,,,,,,,,,,,,,,,,,,,,,,,,,,,,,,,,,,,,,,,,,,,
11474c0e927deb471eb9a96f2399100b6af7bc5151368f911fe234aa53acf6c8,,,,,,,,,,,,,,,,,,,,,,,,,,,64.12698412698413,,,,,,,,,,,,64.12698412698413,,,,,,,,,,,,,,,,,,,,,,,,,,,,,,,,,,,,,
08c8b77fd06b95c143f08a52f6b760610450930dda5af2e3b384bf861404d318,,,,,,,,,,,,,,,,,,,,,,,,,,,61.714285714285715,,,,,,,,,,,,71.42857142857143,,,,,,,,,,,,,,,,,,,,,,,,,,,,,,,,,,,,,
7eeefffe0d2b3860078ad960c98c406b7c6109ea5b7b4ba51343a6310bd204d0,,,,,,,,,,,,,,,,,,,,,,,,,,,,,,,,,,,,,,,65.71428571428572,,,,,,,,,,63.80952380952381,,,,,,,,,,,,,,,,,,,,,,,,,,,
a3b59220d5990ac837e7fbfd37828b7e65c6bfbe10ed42593d8bbb660695c095,,,,,,,,,,,,,,,,,,,,,,,,,62.857142857142854,,64.76190476190476,,,,62.857142857142854,,,,,,,,65.95238095238096,61.58730158730158,,,,,,,,,,,,,,,,,,62.857142857142854,,,,,,,,,,,,,,,,,,
6e938739f3d69857e4621af8b8e6affa3bad1f49c1390bfecd822286b76d6e82,,,,,,,,,,,,,,,,,,,,,,,,,,,72.33766233766234,,,,,,,,,,,,,60.90909090909091,,,,,,,,,,,,,,,,,,,,,,,,,,,,,,,,,,,,
abda979e3767b2c606a10e212d391860607c1e365cf44cee516ee5f7634be448,,,,,,,,,74.28571428571429,,,,,,,,,,,,,,,,,64.52380952380952,64.15816326530611,,,,63.673469387755105,,,,68.9795918367347,,,65.21428571428572,65.68311688311688,62.57142857142857,,,,,,,,,,,,63.80952380952381,,,,,,,,,63.673469387755105,,,,,,,,,,,,,,,
8275924cec96308665e7a4f682bb34c71fb3615b6eaf63ca2fdb31fcd6d73dea,,,,,,,,,,,,,,,,,,,,,,,,,,,,,,,,,,,,,,,68.77551020408163,,,,,,,,,,62.857142857142854,,,,,,,,,,,,,,,,,,,,,,,,,,,
9febc784bd96714d93b8b03e59c2d3b2e08a8189077400e33b6d352175f67bc2,,,,,,,,,,,,,,,,,,,,,,,,,,,,,,,,,,,,,,,,63.7593984962406,,,,,,,,,,,67.85714285714286,,,,,,,,,,,,,,,,,,,,,,,,,
363ec53243147dd94a641286e34ca1b9d57d7f5c7e63478cc8f97e644b1e02ca,,,,,,,,,,,,,,,,,,,,,,,,,,,69.38775510204081,,,,63.673469387755105,,,,,,,69.28571428571428,64.48979591836735,,,,,,,,69.28571428571428,,,,,,,,,,,,,,63.673469387755105,,,,,,,,,,,,,,,
9c1be7227f2f334d8879b7593a8c954c0d619e88ca6bfc6f7ff09d25cd06b762,,,,,,,,,,,,,,,,,,,,,,,,,,,,,,,,,,,,,,,,,,,,,,,,,,,,,,,,,,,,,,,,,,,,,,,,,,,,
1e6770dafdfd0a1715bf3403954841d34a3c95738792352f5625406621fe5c39,,,,,,,,,,,,,,,,,,,,,,,,,,,,,,,,,,,,,,,,,,,,,,,,,,,,,,,,,,,,,,,,,,,,,,,,,,,,
91d536c2b76973d24669a0a8dc830353d841b01816236965e7cbf5322d6a800c,,,,,,,,,,,,,,,,,,,,,,,,,,,,,,,,,,,,,,,,61.142857142857146,,,,,,,,,,,,,,,,,,,,,,,,,,,,61.142857142857146,,,,,,,,
f936a229491d9d2ff32dc3890233cb221181b7955e54e86c558400f95db0635d,,,,,,,,,67.14285714285714,,,,,,,,,,,,,,,,,,,,,,,,,,,,,,,,,,,,,,64.64285714285714,,,67.14285714285714,,,,,,,,,,,,,,,,,,,,,,67.14285714285714,,,,
d4a505eeda7860e2b4880d9637815b6a32612e0e617163c811b5afed10f5560f,,,,,,,,,,,,,,,,,,,,,,,,,,,,,,,72.38095238095238,,,,,,,,72.38095238095238,65.71428571428572,,,,,,,,,,,,,,,,,,,,,,,,,,,,,,,,,,,,
fd1a4cae80dccddfa6ea81385fee25342fe3a04afba20957e8e67399c412fb6b,,,,,,,,,,,,,,,,,,,,,,,,,,,,,,,,,,,,,,,,,,,,,,,,,,,,,,,,,,,,,,,,,,,,,,,,,,,,
9ee86364a1efdac10d314a2c7c40ee5cdc78ebba3cf7d7ac068875e90b472dd3,,,,,,,,,,,,,,,,,,,,,,,,,,66.12244897959184,64.12698412698413,,,,,,,,,,,,65.39682539682539,,,,,,,67.14285714285714,66.12244897959184,,,,,,,,,,,,,,,,,,,,,,,,,67.14285714285714,,,,
afc8967d7e9b7137b39c8427c7a2bdcb53bdf08684f3809380aa9e5c06b8c1be,,,,,,,,,,,,,,,,,,,,,,,,,,,,,,,,,,,,,,,,,,,,,,,61.714285714285715,,,,,,,,,,,,,,,,,,,,,,,,,,,,,
c13a05d109d102da691d73d6a16648518719dc0d7c808038c7b02f0a2a017b85,,,,,,,,,,,,,,,,,,,,,,,,,,66.66666666666667,,,,,,,,,,,,,67.14285714285714,,,,,,,,,,,69.52380952380952,60.0,68.57142857142857,,,,,,,,,,,,,,,,,,,,,,,,
d9380902b2e73e89baeaa26c70e87065575635130234e27169d7de6d2d943d00,,,,,,,,,,,,,,,,,,,,,,,,,,,,,,,,,,,,,,,,,,,,,,,,,,,,,,,,,,,,,,,,,,,,,,,,,,,,
7c495c0d029bfd2589c773041f7c02ddf21052a9d73cadb7d70dea311b23132b,,,,,,,,,,,,,,,,,,,,,,,,,,,,,,,,,,,,,,,,,,,,,,,,,,,,67.61904761904762,,,,,,,,,,,,,,,,,,,,,,,,
cb9497d567820b21fe1069d52848d6c106a625e25d5ae91cf03c6297f090048d,,,,,,,,,,,,,,,,,,,,,,,,,,,67.14285714285714,,,,,,,,,,,,,,67.14285714285714,,,67.14285714285714,,,,,,,,,,,,,,,,,,,,,,,,,,,,,,,,
9fc2ec97163ac37fd015ac737d70ca9a0cdb8447569454be24539b3b387cecd4,,,,,,,,,,,,,,,,,,,,,,,,,,,66.42857142857143,,,,,,,,,,,72.85714285714286,69.28571428571428,,72.85714285714286,,,,,,72.85714285714286,,,,,,,,,,,,,,,,,,,,,,,,,,,,,
ad28148800bdb94c0562e61263eb641a875c0bf0fa5824e78a4ac1fc8d2db0be,,,,,,,,,,,,,,,,,,,,,,,,,,,,,,,,,,,,,,,65.14285714285714,,,,,,,,,,,,,,,,,,,,,,,,,,,,,,,,,,,,,
dd21bc217f41a6c68cd23d95eacba502f544d7170ba59c5f0d49120054484ca5,,,,,,,,,,,,,,,,,,,,,,,,,,,70.47619047619048,,,,,,,,,,,,,,,,,,,,,,,,,82.85714285714286,,,,,,,,,,,,,,,,,,,,,,,,
82bcb8a181b48c90262f9f786eb6b27b08870810e69dab08482c9241ea052bb4,,,,,,,,,,,,,,,,,,,,,,66.66666666666667,,,,,,,,,,,,,,,,,64.0,,,,,,,,,,,,,67.42857142857142,,,,,,,,,,,,,,,,,,,,,,,,
3e08d8c58e7d844e9648f618a4c38fcb5dab85c34e7eadc318a96bdd6c330663,,,,,,,,,,,,,,,,,,,,,,,,,,,,,,,,,,,,,,,,,,,,,,,,,,,,,,,,,,,,,,,,,,,,,,,,,,,,
fce3462efe86a2167974f80426bb8a1995556ae9f7ce499a2e3c9f17e87cf6f8,,,,,,,,,,,,,,,,,,,,,,,,,,,,,,,,,,,,,,,66.66666666666667,,,,,,,,,,,,,66.66666666666667,,,,,,,,,,,,,,,,,,,,,,,,
45597e050c2c621dddecb0729dafe2e360180915faa022ccfcdd0f8b6a1ecd76,,,,,,,,,,,,,,,,,,,,,,,,,,,,,,,,,,,,,,,,,,,,,,,,,,,,,,,,,,,,,,,,,,,,,,,,,,,,
bebc17bfadbb11f96c5b7ca069185f2501bdd3c46d45c31f43d8199781b80ea1,,,,,,,,,,,,,,,,,,,,,,,,,,,,,,,,,,,,,,,,,,,,,,,,,,,,,,,,,,,,,,,,,,,,,,,,,,,,
60a2587e80614003b0555ce4d846cdb8644b7c1438574b70d7d5d31225a32b9d,,,,,,,,,,,,,,,,,,,,,,,,,,,68.57142857142857,,,,,,,,,,,,,,,,,,,,,,,,,,,,,,,,,,,,,,,,,,,,,,,,,
7bdf0753695a69673de8bac057ce10f8b12c32d90e960aa8f0b52dbcd9b5eece,,,,,,,,,,,,,,,,,,,93.33333333333333,,,,,,,,,,,,,,,,,,,,,,,,,,,,93.33333333333333,,,,,60.0,,,,,,,,,,,,,,,,,,,,,,,,
1c3e18dce37c34313ea58b5f961a95cc0f3b1a0f52dca3ca980117ebc5373949,,,,,,,,,,,,,,,,,,,,,,,,,,,,,,,,,,,,,,,,,,,,,,,,,,,,,,,,,,,,,,,,,,,,,,,,,,,,
114d21c9375d078739624fef40a5f3f7cdd33630e99495b29220b5b0b199be33,,,,,,,,,,,,,,,,,,,,,,,,,,,,,,,,,,,,,,,,,,,,,,,,,,,,,,,,,,,,,,,,,,,,,,,,,,,,
